Car_Age,Present_Price,Kms_Driven,Fuel_Type,Seller_Type,Transmission,depreciation
4,5.59,2.7,1,0,1,0.40071556350626114
5,9.54,4.3,0,0,1,0.5020964360587001
1,9.85,0.69,1,0,1,0.2639593908629442
7,4.15,0.52,1,0,1,0.3132530120481928
4,6.87,4.245,0,0,1,0.3304221251819506
0,9.83,0.2071,0,0,1,0.05900305188199395
3,8.12,1.8796,1,0,1,0.16871921182266003
3,8.61,3.3429,0,0,1,0.24506387921022066
2,8.89,2.0273,0,0,1,0.015748031496063075
3,8.92,4.2367,0,0,1,0.16479820627802688
1,3.6,0.2135,1,0,1,0.20833333333333337
3,10.38,5.1,0,0,1,0.3400770712909442
3,9.94,1.5,1,0,0,0.24547283702213274
3,7.71,2.6,1,0,1,0.20881971465629057
9,7.21,7.7427,1,0,1,0.6879334257975034
2,10.79,4.3,0,0,1,0.2817423540315106
3,10.79,4.1678,0,0,1,0.32808155699721964
2,10.79,4.3,0,0,1,0.2817423540315106
8,7.98,4.1442,1,0,1,0.6679197994987469
2,3.95,2.5,1,0,1,0.2784810126582279
1,5.71,0.24,1,0,1,0.14185639229422065
7,8.01,5.0,1,0,0,0.45068664169787764
4,3.46,4.528,1,0,1,0.2774566473988439
5,4.41,5.6879,1,0,1,0.3424036281179139
7,4.99,2.0,1,0,1,0.3987975951903808
5,5.87,5.5138,1,0,1,0.293015332197615
1,6.49,1.62,1,1,1,0.07550077041602465
8,3.95,4.4542,1,0,1,0.5063291139240507
3,10.38,4.5,0,0,1,0.28227360308285165
6,5.98,5.1439,0,0,1,0.4816053511705686
7,4.89,5.42,1,0,1,0.5194274028629856
4,7.49,3.9,0,0,1,0.33911882510013347
4,9.95,4.5,0,0,1,0.3969849246231155
4,8.06,4.5,0,0,1,0.3176178660049628
3,7.2,4.8767,1,0,1,0.35416666666666663
15,2.28,12.7,1,1,1,0.8464912280701754
2,3.76,1.0079,1,0,1,0.202127659574468
15,7.98,6.2,1,0,1,0.7180451127819549
2,7.87,2.4524,1,0,0,0.2566709021601017
4,3.98,4.6706,1,0,1,0.35929648241206036
10,7.15,5.8,1,0,1,0.7272727272727273
4,8.06,4.578,0,0,1,0.3176178660049628
6,2.69,5.0,1,0,1,0.5353159851301115
4,12.04,1.5,1,0,0,0.37707641196013286
5,4.89,6.4532,1,0,1,0.4580777096114519
12,4.15,6.5,1,0,1,0.7469879518072289
3,7.71,2.587,1,0,1,0.24773022049286642
1,9.29,3.7,1,0,0,0.16576964477933254
6,30.61,10.4707,0,0,0,0.5132309702711533
3,30.61,4.0,0,0,0,0.24861156484808888
1,19.77,1.5,0,0,0,0.08952959028831564
5,30.61,13.5,0,1,0,0.47729500163345306
13,10.21,9.0,1,1,1,0.7306562193927522
9,15.04,7.0,1,0,0,0.7606382978723404
3,7.27,4.0534,1,0,1,0.38101788170563955
8,18.54,5.0,1,0,1,0.7437971952535058
4,6.8,3.9485,1,0,1,0.3970588235294118
4,35.96,4.1,0,0,0,0.44410456062291437
5,18.61,4.0001,1,0,1,0.6265448683503492
3,7.7,4.0588,1,0,1,0.4155844155844156
4,35.96,7.8,0,0,0,0.478587319243604
3,35.96,4.7,0,0,0,0.34649610678531706
1,36.23,0.6,0,0,0,0.08915263593706868
4,6.95,4.5,0,0,1,0.3165467625899281
1,23.15,1.1,1,0,0,0.14686825053995678
8,20.45,5.9,0,0,1,0.5476772616136919
7,13.74,8.8,1,0,1,0.6834061135371179
2,20.91,1.2,1,0,1,0.31850789096126253
4,6.76,7.1,0,0,1,0.415680473372781
7,12.48,4.5,0,0,1,0.6394230769230769
5,18.61,5.6001,1,0,1,0.599677592692101
7,5.71,4.3,1,0,1,0.5359019264448337
4,8.93,8.3,0,0,1,0.4512877939529675
3,6.8,3.6,1,0,1,0.4191176470588235
5,14.68,7.2,1,0,1,0.625340599455041
14,12.35,13.5154,1,0,0,0.8785425101214575
8,22.83,8.0,1,0,0,0.7700394218134035
6,30.61,8.9,0,0,0,0.5262985952303169
2,14.89,2.3,0,0,1,0.01074546675621224
3,7.85,4.0,0,0,1,0.39490445859872614
1,25.39,1.5,0,0,0,0.09413154785348565
3,13.46,3.8,0,0,1,0.07132243684992579
13,13.46,19.7176,0,0,1,0.7407132243684993
12,23.73,14.2,1,1,0,0.8946481247366203
8,92.6,7.8,0,0,1,0.6220302375809935
6,13.74,5.6,1,0,1,0.5705967976710334
5,6.05,4.7,1,0,1,0.4297520661157024
4,6.76,4.0,1,0,1,0.2973372781065089
9,18.61,6.2,1,0,1,0.7958087049973133
4,16.09,5.8242,0,0,1,0.3008079552517091
13,13.7,7.5,1,0,1,0.7437956204379562
3,30.61,4.0,0,0,0,0.24861156484808888
10,22.78,8.9,1,0,0,0.8244073748902546
6,18.61,7.2,1,0,1,0.6856528747984955
2,25.39,2.9,0,0,0,0.18274911382434034
1,18.64,0.87,1,0,1,0.08798283261802575
5,18.61,4.5,1,0,1,0.6211714132186996
8,20.45,5.0024,0,0,1,0.5281173594132029
2,1.9,0.3,1,1,1,0.07894736842105254
1,1.82,0.14,1,1,1,0.06593406593406603
1,1.78,0.4,1,1,1,0.0730337078651686
1,1.6,0.12,1,1,1,0.09375000000000011
1,1.47,0.41,1,1,1,0.08163265306122436
3,2.37,2.17,1,1,1,0.430379746835443
4,3.45,1.65,1,1,1,0.6086956521739131
5,1.5,1.5,1,1,1,0.16666666666666663
2,1.5,1.8,1,1,1,0.20000000000000007
1,1.47,1.1,1,1,1,0.18367346938775508
2,1.78,0.6,1,1,1,0.3258426966292135
2,1.5,0.87,1,1,1,0.2333333333333334
4,2.4,0.7,1,1,1,0.5208333333333334
2,1.4,3.5,1,1,1,0.1785714285714286
3,1.47,1.7,1,1,1,0.217687074829932
3,1.47,1.75,1,1,1,0.2448979591836734
5,1.47,3.3,1,1,1,0.2517006802721088
3,1.9,1.4,1,1,1,0.42105263157894735
3,1.47,2.6,1,1,1,0.2517006802721088
5,1.9,0.54,1,1,1,0.4473684210526315
2,1.26,0.57,1,1,1,0.16666666666666663
7,1.5,0.69,1,1,1,0.29999999999999993
2,1.17,0.6,1,1,1,0.10256410256410242
5,1.47,4.65,1,1,1,0.3197278911564626
6,1.75,1.15,1,1,1,0.4571428571428572
9,1.75,4.0,1,1,1,0.48571428571428565
1,0.95,0.13,1,1,1,0.05263157894736836
2,0.8,0.7,1,1,1,0.0625
1,0.87,0.3,1,1,1,0.08045977011494243
1,0.84,0.5,1,1,1,0.0714285714285714
1,0.87,1.1,1,1,1,0.13793103448275856
3,0.82,1.8,1,1,1,0.08536585365853655
1,0.95,0.35,1,1,1,0.21052631578947367
2,0.95,0.05,1,1,1,0.2421052631578947
1,0.81,1.18,1,1,1,0.19753086419753085
3,0.74,0.5,1,1,1,0.1216216216216216
4,1.2,2.35,1,1,1,0.45833333333333326
5,0.787,1.6,1,1,1,0.1740787801778907
2,0.87,1.5,1,1,1,0.31034482758620696
3,0.95,1.66,1,1,1,0.368421052631579
5,1.2,3.2,1,1,1,0.5
2,0.8,2.0,1,1,1,0.2500000000000001
3,0.84,2.9,1,1,1,0.2857142857142857
2,0.84,2.5,1,1,1,0.2857142857142857
4,0.99,2.5,1,1,1,0.3939393939393939
6,0.81,1.9,1,1,1,0.2592592592592593
4,0.787,1.5,1,1,1,0.30114358322744594
3,0.84,5.8,1,1,1,0.3452380952380951
8,0.94,4.5,1,1,1,0.44680851063829785
2,0.94,2.4,1,1,1,0.45744680851063824
7,0.826,0.6,1,1,1,0.3946731234866828
2,0.55,3.1,1,1,1,0.09090909090909094
6,0.99,1.3,1,1,1,0.4949494949494949
5,0.99,4.5,1,1,1,0.4949494949494949
4,0.88,0.8,1,1,1,0.43181818181818177
1,0.51,0.43,1,1,0,0.05882352941176472
1,0.52,1.5,1,1,1,0.07692307692307698
3,0.84,2.3,1,1,1,0.4285714285714286
1,0.54,0.86,1,1,1,0.11111111111111116
1,0.51,0.4,1,1,0,0.11764705882352944
7,0.95,2.4,1,1,1,0.5263157894736842
4,0.826,2.3,1,1,1,0.4552058111380145
6,0.99,1.45,1,1,1,0.5454545454545454
8,0.95,2.7,1,1,1,0.5263157894736842
2,0.54,1.4,1,1,1,0.16666666666666674
2,0.54,0.05,1,1,0,0.16666666666666674
2,0.55,0.1,1,1,1,0.18181818181818188
4,0.81,4.2,1,1,1,0.4814814814814815
5,0.73,1.2,1,1,1,0.4246575342465754
3,0.54,1.4,1,1,1,0.2592592592592593
6,0.83,0.55,1,1,1,0.5180722891566265
3,0.55,0.67,1,1,1,0.2727272727272727
4,0.64,1.37,1,1,1,0.375
1,0.51,0.13,1,1,0,0.21568627450980393
3,0.72,3.86,1,1,1,0.4722222222222222
7,0.787,7.5,1,1,1,0.5171537484116899
7,1.05,3.0,1,1,1,0.6666666666666667
2,0.57,2.4,1,1,0,0.38596491228070173
4,0.52,1.9,1,1,0,0.326923076923077
8,1.05,21.3,1,1,1,0.7047619047619047
6,0.51,6.0,1,1,1,0.4117647058823529
2,0.48,5.0,1,1,1,0.375
5,0.58,3.0,1,1,1,0.48275862068965514
5,0.47,2.1,1,1,1,0.42553191489361697
10,0.75,2.6,1,1,1,0.6666666666666667
10,0.58,0.19,1,1,0,0.5689655172413792
8,0.52,2.2,1,1,0,0.5192307692307693
5,0.51,3.2,1,1,1,0.5098039215686274
5,0.57,1.8,1,1,1,0.5614035087719298
13,0.57,5.5,1,1,1,0.6491228070175439
10,0.75,6.0,1,1,1,0.7333333333333334
6,0.57,2.5,1,1,1,0.6491228070175439
11,0.75,4.9,1,1,1,0.7333333333333334
5,0.65,2.4,1,1,1,0.6923076923076923
10,0.787,5.0,1,1,1,0.7458703939008895
3,0.32,3.5,1,1,1,0.4375
8,0.51,3.3,1,1,1,0.6862745098039216
7,0.57,3.5,1,1,1,0.736842105263158
11,0.58,5.3,1,1,1,0.7931034482758621
12,0.75,9.2233,1,1,1,0.8666666666666667
8,6.79,5.8,0,0,1,0.5213549337260677
3,5.7,2.82,1,0,1,0.22807017543859642
7,4.6,5.346,1,0,1,0.35869565217391297
3,4.43,2.8282,1,0,1,0.37923250564334077
2,5.7,0.3493,1,0,1,0.07894736842105265
1,7.13,1.2479,1,0,1,0.19354838709677413
3,5.7,3.4797,1,0,0,0.0964912280701754
1,8.1,0.3435,1,0,1,0.024691358024691246
3,5.7,2.1125,0,0,1,0.149122807017544
6,4.6,3.5775,1,0,1,0.326086956521739
3,14.79,4.3535,0,0,1,0.20554428668018931
2,13.6,2.2671,1,0,1,0.17279411764705876
7,6.79,3.1604,1,0,1,0.572901325478645
1,5.7,2.0114,1,0,1,0.07894736842105265
6,9.4,3.61,1,0,1,0.5212765957446809
2,4.43,1.25,1,0,1,0.34537246049661396
2,4.43,1.5,1,0,1,0.2889390519187358
4,9.4,4.5078,1,0,1,0.31382978723404253
6,9.4,3.6,1,0,1,0.5212765957446809
1,4.43,3.8488,1,0,1,0.20993227990970653
5,6.79,3.2,1,0,0,0.33726067746686306
4,7.6,7.7632,0,0,1,0.21052631578947367
3,9.4,6.1381,0,0,1,0.12234042553191493
5,9.4,3.6198,1,0,0,0.4563829787234043
7,4.6,2.2517,1,0,1,0.4130434782608695
3,5.7,2.4678,1,0,1,0.07894736842105265
7,4.43,5.7,1,0,1,0.42437923250564336
6,9.4,6.0,0,0,1,0.473404255319149
6,6.79,5.2132,0,0,1,0.5434462444771724
5,9.4,4.5,0,0,1,0.3457446808510638
1,9.4,1.5001,1,0,1,0.015957446808510634
3,14.79,1.29,1,0,0,0.22582826233941855
5,5.7,5.3,0,0,1,0.3157894736842105
3,5.7,0.4492,1,0,1,0.03508771929824561
1,9.4,1.5141,1,0,1,0.03191489361702138
2,4.43,1.1849,1,0,1,0.3002257336343115
3,13.6,6.8,0,0,1,0.17279411764705876
5,9.4,6.0241,1,0,1,0.4893617021276596
6,4.43,2.3709,1,0,1,0.5485327313769751
6,9.4,3.2322,0,0,1,0.43085106382978733
3,7.13,3.5866,1,0,1,0.33380084151472644
4,7.13,3.4,1,0,1,0.3828892005610097
2,7.6,0.7,1,0,1,0.17763157894736836
5,9.4,4.9,0,0,1,0.3670212765957447
6,9.4,7.1,0,0,1,0.44680851063829785
6,6.79,3.5,1,0,1,0.4477172312223858
3,9.4,3.6,1,0,1,0.3670212765957447
5,4.6,3.0,1,0,1,0.13043478260869557
2,7.6,1.7,1,0,1,0.3092105263157895
2,13.6,3.5934,0,0,1,0.051470588235294046
5,9.9,5.6701,1,0,1,0.4949494949494949
3,6.82,3.1427,1,0,0,0.2082111436950146
4,9.9,4.8,0,0,1,0.2727272727272727
5,9.9,5.4242,1,0,1,0.4696969696969697
6,5.35,5.3675,1,0,1,0.43925233644859807
2,13.6,4.9562,1,0,1,0.24632352941176472
3,13.6,4.0324,1,0,1,0.375
3,13.6,2.5,1,0,1,0.38235294117647056
4,7.0,3.6054,1,0,1,0.44285714285714284
2,13.6,2.9223,1,0,1,0.3272058823529411
2,5.97,0.56,1,0,1,0.07872696817420433
3,5.8,4.0023,1,0,1,0.31034482758620685
2,7.7,1.6002,1,0,1,0.1428571428571429
3,7.0,4.0026,1,0,1,0.4285714285714286
1,8.7,2.12,1,0,1,0.2528735632183907
4,7.0,3.5,1,0,1,0.47857142857142854
2,9.4,1.9434,0,0,1,0.11170212765957455
1,5.8,1.9,1,0,1,0.1724137931034483
3,10.0,1.8828,1,0,1,0.32999999999999996
7,10.0,6.9341,1,0,1,0.5900000000000001
9,10.0,6.9562,1,0,1,0.7
3,10.0,2.76,1,0,1,0.25
8,7.5,6.1203,1,0,1,0.7
4,6.8,1.65,1,0,1,0.22058823529411764
2,13.6,3.0753,1,0,0,0.19852941176470584
3,13.6,2.48,1,0,1,0.36397058823529405
3,13.6,2.178,1,0,1,0.2867647058823529
2,8.4,0.4,1,0,1,0.2857142857142857
4,13.6,4.0126,1,0,1,0.5404411764705882
3,5.9,1.4465,1,0,1,0.11016949152542377
12,7.6,5.0456,1,0,1,0.7236842105263157
4,14.0,6.3,0,0,1,0.4107142857142857
2,11.8,0.901,1,0,1,0.23813559322033906
5,5.9,0.98,1,0,1,0.4067796610169492
2,8.5,1.5059,1,0,0,0.12941176470588234
2,7.9,2.8569,1,0,1,0.28481012658227844
3,7.5,4.4,1,0,0,0.23333333333333328
3,13.6,3.4,1,0,1,0.38235294117647056
2,13.6,1.098,1,0,1,0.2566176470588235
4,6.4,1.9,1,0,1,0.296875
3,6.1,3.1427,1,0,1,0.11475409836065564
2,8.4,1.2,1,0,1,0.23809523809523814
8,9.9,3.8,1,0,1,0.6717171717171717
4,6.8,3.3019,1,0,1,0.44852941176470584
3,13.09,6.0076,0,0,1,0.34682964094728796
2,11.6,3.3988,0,0,1,0.18103448275862066
3,5.9,6.0,1,0,1,0.3220338983050848
9,11.0,8.7934,1,0,1,0.6954545454545454
1,12.5,0.9,0,0,1,0.07999999999999996
2,5.9,0.5464,1,0,1,0.10169491525423735
